,Vehicle Class,Engine Size,Cylinders,Transmission,Fuel Type,Fuel Consumption,CO2 Rating,Transmission_X,Vehicle Class_X,D,E,X,Z
0,Compact,2.4,4,AM,Z,8.6,6.0,1.0,2.0,0,0,0,1
1,SUV: Small,3.5,6,AS,Z,11.2,4.0,3.0,6.0,0,0,0,1
2,SUV: Small,2.0,4,AS,Z,9.9,5.0,3.0,6.0,0,0,0,1
3,SUV: Small,2.0,4,AS,Z,10.3,5.0,3.0,6.0,0,0,0,1
4,Compact,2.0,4,AS,Z,9.8,5.0,3.0,2.0,0,0,0,1
5,Compact,2.0,4,AS,Z,9.8,5.0,3.0,2.0,0,0,0,1
6,Compact,3.0,6,AS,Z,11.0,5.0,3.0,2.0,0,0,0,1
7,Compact,3.0,6,AS,Z,11.2,4.0,3.0,2.0,0,0,0,1
8,Mid-size,2.0,4,A,Z,8.7,6.0,4.0,4.0,0,0,0,1
9,Mid-size,2.0,4,A,Z,9.2,5.0,4.0,4.0,0,0,0,1
10,Mid-size,2.9,6,A,Z,11.6,4.0,4.0,4.0,0,0,0,1
11,SUV: Small,2.0,4,A,Z,9.3,5.0,4.0,6.0,0,0,0,1
12,SUV: Small,2.0,4,A,Z,9.6,5.0,4.0,6.0,0,0,0,1
13,SUV: Small,2.9,6,A,Z,12.3,4.0,4.0,6.0,0,0,0,1
14,Minicompact,4.0,8,A,Z,11.5,4.0,4.0,1.0,0,0,0,1
15,Minicompact,5.2,12,A,Z,13.8,3.0,4.0,1.0,0,0,0,1
16,Minicompact,5.2,12,A,Z,13.8,3.0,4.0,1.0,0,0,0,1
17,SUV: Standard,4.0,8,A,Z,14.6,3.0,4.0,7.0,0,0,0,1
18,Two-seater,4.0,8,A,Z,11.5,4.0,4.0,0.0,0,0,0,1
19,Subcompact,2.0,4,AM,X,7.6,7.0,1.0,3.0,0,0,1,0
20,Compact,2.0,4,AM,Z,8.2,6.0,1.0,2.0,0,0,0,1
21,Compact,2.0,4,AM,Z,8.8,6.0,1.0,2.0,0,0,0,1
22,Station wagon: Small,2.0,4,AM,Z,8.9,6.0,1.0,9.0,0,0,0,1
23,Subcompact,2.0,4,AM,Z,9.1,5.0,1.0,3.0,0,0,0,1
24,Subcompact,2.0,4,AM,Z,8.8,6.0,1.0,3.0,0,0,0,1
25,Mid-size,2.0,4,AM,Z,8.8,6.0,1.0,4.0,0,0,0,1
26,Mid-size,2.0,4,AM,Z,8.9,6.0,1.0,4.0,0,0,0,1
27,Mid-size,3.0,6,AM,Z,9.6,5.0,1.0,4.0,0,0,0,1
28,Station wagon: Mid-size,3.0,6,AM,Z,10.0,5.0,1.0,10.0,0,0,0,1
29,Mid-size,3.0,6,AM,Z,9.6,5.0,1.0,4.0,0,0,0,1
30,Full-size,3.0,6,AS,Z,10.6,5.0,3.0,5.0,0,0,0,1
31,SUV: Small,2.0,4,AS,X,9.2,5.0,3.0,6.0,0,0,1,0
32,SUV: Small,2.0,4,AS,X,10.0,5.0,3.0,6.0,0,0,1,0
33,SUV: Small,2.0,4,AM,Z,9.3,5.0,1.0,6.0,0,0,0,1
34,SUV: Small,2.0,4,AM,Z,9.4,5.0,1.0,6.0,0,0,0,1
35,SUV: Small,2.0,4,AM,Z,9.4,5.0,1.0,6.0,0,0,0,1
36,SUV: Standard,2.0,4,AS,Z,10.8,5.0,3.0,7.0,0,0,0,1
37,SUV: Standard,3.0,6,AS,Z,11.7,4.0,3.0,7.0,0,0,0,1
38,SUV: Standard,3.0,6,AS,Z,11.7,4.0,3.0,7.0,0,0,0,1
39,Two-seater,5.2,10,AM,Z,13.8,3.0,1.0,0.0,0,0,0,1
40,Two-seater,5.2,10,AM,Z,15.3,3.0,1.0,0.0,0,0,0,1
41,Two-seater,5.2,10,AM,Z,13.8,3.0,1.0,0.0,0,0,0,1
42,Two-seater,5.2,10,AM,Z,15.3,3.0,1.0,0.0,0,0,0,1
43,Subcompact,2.9,6,AS,Z,11.4,4.0,3.0,3.0,0,0,0,1
44,Mid-size,2.9,6,AS,Z,11.4,4.0,3.0,4.0,0,0,0,1
45,Station wagon: Mid-size,4.0,8,AS,Z,13.7,3.0,3.0,10.0,0,0,0,1
46,Mid-size,4.0,8,AS,Z,13.5,3.0,3.0,4.0,0,0,0,1
47,SUV: Standard,4.0,8,AS,Z,15.4,2.0,3.0,7.0,0,0,0,1
48,Subcompact,2.0,4,AM,Z,8.8,6.0,1.0,3.0,0,0,0,1
49,Compact,3.0,6,AS,Z,9.7,5.0,3.0,2.0,0,0,0,1
50,Subcompact,3.0,6,AS,Z,10.0,5.0,3.0,3.0,0,0,0,1
51,Subcompact,3.0,6,AS,Z,9.7,5.0,3.0,3.0,0,0,0,1
52,Mid-size,3.0,6,AS,Z,9.7,5.0,3.0,4.0,0,0,0,1
53,Mid-size,2.9,6,AS,Z,10.9,5.0,3.0,4.0,0,0,0,1
54,Mid-size,2.9,6,AS,Z,10.9,5.0,3.0,4.0,0,0,0,1
55,Full-size,4.0,8,AS,Z,13.8,3.0,3.0,5.0,0,0,0,1
56,SUV: Small,3.0,6,AS,Z,11.2,4.0,3.0,6.0,0,0,0,1
57,SUV: Small,3.0,6,AS,Z,11.2,4.0,3.0,6.0,0,0,0,1
58,SUV: Standard,4.0,8,AS,Z,13.9,3.0,3.0,7.0,0,0,0,1
59,SUV: Standard,4.0,8,AS,Z,13.9,3.0,3.0,7.0,0,0,0,1
60,Subcompact,2.0,4,AM,X,9.4,5.0,1.0,3.0,0,0,1,0
61,Two-seater,2.0,4,AM,X,9.4,5.0,1.0,0.0,0,0,1,0
62,Subcompact,2.5,5,AM,Z,10.1,5.0,1.0,3.0,0,0,0,1
63,Subcompact,2.0,4,AM,Z,9.0,5.0,1.0,3.0,0,0,0,1
64,SUV: Standard,4.0,8,AS,Z,13.2,3.0,3.0,7.0,0,0,0,1
65,SUV: Standard,6.0,12,AS,Z,16.3,2.0,3.0,7.0,0,0,0,1
66,Subcompact,4.0,8,AM,Z,12.2,4.0,1.0,3.0,0,0,0,1
67,Subcompact,6.0,12,AM,Z,16.2,2.0,1.0,3.0,0,0,0,1
68,Minicompact,4.0,8,AM,Z,12.5,4.0,1.0,1.0,0,0,0,1
69,Minicompact,6.0,12,AM,Z,17.0,2.0,1.0,1.0,0,0,0,1
70,Mid-size,4.0,8,AM,Z,13.7,3.0,1.0,4.0,0,0,0,1
71,Mid-size,6.0,12,AM,Z,16.0,2.0,1.0,4.0,0,0,0,1
72,Compact,2.0,4,AS,Z,8.3,6.0,3.0,2.0,0,0,0,1
73,Subcompact,2.0,4,AS,Z,8.7,6.0,3.0,3.0,0,0,0,1
74,Subcompact,2.0,4,AS,Z,8.7,6.0,3.0,3.0,0,0,0,1
75,Mid-size,2.0,4,AS,Z,8.9,6.0,3.0,4.0,0,0,0,1
76,Full-size,3.0,6,AS,Z,9.4,5.0,3.0,5.0,0,0,0,1
77,Full-size,4.4,8,AS,Z,12.0,4.0,3.0,5.0,0,0,0,1
78,Full-size,4.4,8,AS,Z,12.0,4.0,3.0,5.0,0,0,0,1
79,Full-size,4.4,8,AS,Z,12.0,4.0,3.0,5.0,0,0,0,1
80,Mid-size,4.4,8,AS,Z,12.0,4.0,3.0,4.0,0,0,0,1
81,SUV: Standard,4.4,8,AS,Z,13.8,3.0,3.0,7.0,0,0,0,1
82,Compact,2.0,4,AS,Z,9.2,5.0,3.0,2.0,0,0,0,1
83,Subcompact,3.0,6,AS,Z,9.1,5.0,3.0,3.0,0,0,0,1
84,Compact,3.0,6,M,Z,12.6,4.0,2.0,2.0,0,0,0,1
85,Compact,3.0,6,AS,Z,12.6,4.0,3.0,2.0,0,0,0,1
86,Compact,3.0,6,AS,Z,12.7,4.0,3.0,2.0,0,0,0,1
87,Compact,3.0,6,AS,Z,9.2,5.0,3.0,2.0,0,0,0,1
88,Subcompact,3.0,6,AS,Z,12.9,3.0,3.0,3.0,0,0,0,1
89,Subcompact,3.0,6,M,Z,12.6,4.0,2.0,3.0,0,0,0,1
90,Subcompact,3.0,6,AS,Z,12.6,4.0,3.0,3.0,0,0,0,1
91,Subcompact,3.0,6,AS,Z,12.7,4.0,3.0,3.0,0,0,0,1
92,Subcompact,3.0,6,AS,Z,9.1,5.0,3.0,3.0,0,0,0,1
93,Subcompact,3.0,6,AS,Z,9.2,5.0,3.0,3.0,0,0,0,1
94,Compact,3.0,6,AS,Z,9.6,5.0,3.0,2.0,0,0,0,1
95,Mid-size,4.4,8,AS,Z,13.8,3.0,3.0,4.0,0,0,0,1
96,Mid-size,4.4,8,AS,Z,13.8,3.0,3.0,4.0,0,0,0,1
97,Mid-size,4.4,8,AS,Z,13.8,3.0,3.0,4.0,0,0,0,1
98,Mid-size,4.4,8,AS,Z,11.6,4.0,3.0,4.0,0,0,0,1
99,Full-size,6.6,12,AS,Z,15.1,3.0,3.0,5.0,0,0,0,1
100,Subcompact,4.4,8,AS,Z,13.8,3.0,3.0,3.0,0,0,0,1
101,Subcompact,4.4,8,AS,Z,13.8,3.0,3.0,3.0,0,0,0,1
102,Subcompact,4.4,8,AS,Z,13.8,3.0,3.0,3.0,0,0,0,1
103,Subcompact,4.4,8,AS,Z,13.8,3.0,3.0,3.0,0,0,0,1
104,Mid-size,4.4,8,AS,Z,13.8,3.0,3.0,4.0,0,0,0,1
105,Mid-size,4.4,8,AS,Z,13.8,3.0,3.0,4.0,0,0,0,1
106,Subcompact,4.4,8,AS,Z,12.0,4.0,3.0,3.0,0,0,0,1
107,Subcompact,4.4,8,AS,Z,11.6,4.0,3.0,3.0,0,0,0,1
108,Mid-size,4.4,8,AS,Z,12.0,4.0,3.0,4.0,0,0,0,1
109,SUV: Small,2.0,4,AS,Z,9.1,5.0,3.0,6.0,0,0,0,1
110,SUV: Small,2.0,4,AS,Z,8.8,6.0,3.0,6.0,0,0,0,1
111,SUV: Small,2.0,4,AS,Z,8.9,6.0,3.0,6.0,0,0,0,1
112,SUV: Small,2.0,4,AS,Z,9.9,5.0,3.0,6.0,0,0,0,1
113,SUV: Small,3.0,6,AS,Z,13.9,3.0,3.0,6.0,0,0,0,1
114,SUV: Small,3.0,6,AS,Z,13.9,3.0,3.0,6.0,0,0,0,1
115,SUV: Small,3.0,6,AS,Z,10.3,5.0,3.0,6.0,0,0,0,1
116,SUV: Small,2.0,4,AS,Z,9.9,5.0,3.0,6.0,0,0,0,1
117,SUV: Small,3.0,6,AS,Z,13.9,3.0,3.0,6.0,0,0,0,1
118,SUV: Small,3.0,6,AS,Z,13.9,3.0,3.0,6.0,0,0,0,1
119,SUV: Small,3.0,6,AS,Z,10.3,5.0,3.0,6.0,0,0,0,1
120,SUV: Standard,3.0,6,AS,Z,10.4,5.0,3.0,7.0,0,0,0,1
121,SUV: Standard,4.4,8,AS,Z,15.7,2.0,3.0,7.0,0,0,0,1
122,SUV: Standard,4.4,8,AS,Z,15.7,2.0,3.0,7.0,0,0,0,1
123,SUV: Standard,4.4,8,AS,Z,12.7,3.0,3.0,7.0,0,0,0,1
124,SUV: Standard,3.0,6,AS,Z,10.4,5.0,3.0,7.0,0,0,0,1
125,SUV: Standard,4.4,8,AS,Z,15.7,2.0,3.0,7.0,0,0,0,1
126,SUV: Standard,4.4,8,AS,Z,15.7,2.0,3.0,7.0,0,0,0,1
127,SUV: Standard,4.4,8,AS,Z,12.7,3.0,3.0,7.0,0,0,0,1
128,SUV: Standard,3.0,6,AS,Z,11.1,5.0,3.0,7.0,0,0,0,1
129,SUV: Standard,4.4,8,AS,Z,13.8,3.0,3.0,7.0,0,0,0,1
130,Two-seater,2.0,4,AS,Z,8.5,6.0,3.0,0.0,0,0,0,1
131,Two-seater,3.0,6,AS,Z,9.6,5.0,3.0,0.0,0,0,0,1
132,Two-seater,8.0,16,AM,Z,22.2,1.0,1.0,0.0,0,0,0,1
133,Two-seater,8.0,16,AM,Z,26.1,1.0,1.0,0.0,0,0,0,1
134,Two-seater,8.0,16,AM,Z,26.1,1.0,1.0,0.0,0,0,0,1
135,SUV: Standard,3.6,6,A,X,11.2,4.0,4.0,7.0,0,0,1,0
136,SUV: Standard,3.6,6,A,X,11.8,4.0,4.0,7.0,0,0,1,0
137,SUV: Small,1.4,4,AS,X,8.6,6.0,3.0,6.0,0,0,1,0
138,SUV: Small,1.4,4,AS,X,9.1,5.0,3.0,6.0,0,0,1,0
139,SUV: Small,1.2,3,AV,X,7.8,6.0,0.0,6.0,0,0,1,0
140,SUV: Small,1.3,3,AV,X,7.9,6.0,0.0,6.0,0,0,1,0
141,SUV: Small,1.3,3,A,X,8.6,6.0,4.0,6.0,0,0,1,0
142,SUV: Small,2.0,4,AS,X,8.9,5.0,3.0,6.0,0,0,1,0
143,SUV: Small,2.0,4,AS,X,9.5,5.0,3.0,6.0,0,0,1,0
144,Compact,2.0,4,AS,Z,8.8,6.0,3.0,2.0,0,0,0,1
145,Compact,2.7,4,AS,Z,9.5,5.0,3.0,2.0,0,0,0,1
146,Compact,2.0,4,AS,Z,9.2,5.0,3.0,2.0,0,0,0,1
147,Compact,2.7,4,AS,Z,10.0,5.0,3.0,2.0,0,0,0,1
148,Compact,2.7,4,AS,Z,10.2,5.0,3.0,2.0,0,0,0,1
149,Compact,2.7,4,AS,Z,10.4,5.0,3.0,2.0,0,0,0,1
150,Compact,3.6,6,AS,Z,12.6,4.0,3.0,2.0,0,0,0,1
151,Compact,3.6,6,M,Z,13.0,3.0,2.0,2.0,0,0,0,1
152,Mid-size,2.0,4,AS,Z,8.8,6.0,3.0,4.0,0,0,0,1
153,Mid-size,3.0,6,AS,Z,10.7,5.0,3.0,4.0,0,0,0,1
154,Mid-size,2.0,4,AS,Z,9.5,5.0,3.0,4.0,0,0,0,1
155,Mid-size,3.0,6,AS,Z,11.1,4.0,3.0,4.0,0,0,0,1
156,Mid-size,3.0,6,AS,Z,11.0,4.0,3.0,4.0,0,0,0,1
157,Mid-size,3.0,6,AS,Z,11.1,4.0,3.0,4.0,0,0,0,1
158,Mid-size,6.2,8,AS,Z,14.8,3.0,3.0,4.0,0,0,0,1
159,Mid-size,6.2,8,M,Z,15.2,3.0,2.0,4.0,0,0,0,1
160,SUV: Standard,3.0,6,A,D,10.5,4.0,4.0,7.0,1,0,0,0
161,SUV: Standard,6.2,8,A,Z,14.7,3.0,4.0,7.0,0,0,0,1
162,SUV: Standard,6.2,8,A,Z,15.1,3.0,4.0,7.0,0,0,0,1
163,SUV: Small,2.0,4,AS,Z,9.0,5.0,3.0,6.0,0,0,0,1
164,SUV: Small,2.0,4,AS,Z,9.7,5.0,3.0,6.0,0,0,0,1
165,SUV: Small,2.0,4,AS,Z,9.6,5.0,3.0,6.0,0,0,0,1
166,SUV: Small,2.0,4,AS,Z,10.1,5.0,3.0,6.0,0,0,0,1
167,SUV: Small,3.6,6,AS,X,11.2,4.0,3.0,6.0,0,0,1,0
168,SUV: Small,2.0,4,AS,Z,10.2,5.0,3.0,6.0,0,0,0,1
169,SUV: Small,3.6,6,AS,X,11.5,4.0,3.0,6.0,0,0,1,0
170,SUV: Small,2.0,4,A,X,9.4,5.0,4.0,6.0,0,0,1,0
171,SUV: Small,3.6,6,A,X,10.7,5.0,4.0,6.0,0,0,1,0
172,SUV: Small,2.0,4,A,X,9.9,5.0,4.0,6.0,0,0,1,0
173,SUV: Small,3.6,6,A,X,11.0,4.0,4.0,6.0,0,0,1,0
174,Subcompact,2.0,4,AS,Z,9.5,5.0,3.0,3.0,0,0,0,1
175,Subcompact,2.0,4,M,Z,10.5,5.0,2.0,3.0,0,0,0,1
176,Subcompact,3.6,6,AS,X,10.7,5.0,3.0,3.0,0,0,1,0
177,Subcompact,3.6,6,M,X,12.0,4.0,2.0,3.0,0,0,1,0
178,Subcompact,6.2,8,AS,Z,12.0,4.0,3.0,3.0,0,0,0,1
179,Subcompact,6.2,8,M,Z,12.6,4.0,2.0,3.0,0,0,0,1
180,Subcompact,6.2,8,AS,Z,15.1,3.0,3.0,3.0,0,0,0,1
181,Subcompact,6.2,8,M,Z,14.9,3.0,2.0,3.0,0,0,0,1
182,Pickup truck: Small,2.5,4,A,X,10.9,5.0,4.0,11.0,0,0,1,0
183,Pickup truck: Small,2.8,4,A,D,10.1,4.0,4.0,11.0,1,0,0,0
184,Pickup truck: Small,3.6,6,A,X,11.3,4.0,4.0,11.0,0,0,1,0
185,Pickup truck: Small,2.5,4,A,X,11.4,4.0,4.0,11.0,0,0,1,0
186,Pickup truck: Small,2.8,4,A,D,10.5,4.0,4.0,11.0,1,0,0,0
187,Pickup truck: Small,3.6,6,A,X,12.1,4.0,4.0,11.0,0,0,1,0
188,Pickup truck: Small,2.8,4,A,D,12.1,3.0,4.0,11.0,1,0,0,0
189,Pickup truck: Small,3.6,6,A,X,14.1,3.0,4.0,11.0,0,0,1,0
190,Two-seater,6.2,8,AS,Z,12.6,4.0,3.0,0.0,0,0,0,1
191,SUV: Small,1.5,4,A,X,8.4,6.0,4.0,6.0,0,0,1,0
192,SUV: Small,1.5,4,A,X,8.8,6.0,4.0,6.0,0,0,1,0
193,Mid-size,1.5,4,AV,X,7.5,7.0,0.0,4.0,0,0,1,0
194,Mid-size,2.0,4,A,Z,9.1,5.0,4.0,4.0,0,0,0,1
195,Pickup truck: Standard,2.7,4,A,X,11.6,4.0,4.0,13.0,0,0,1,0
196,Pickup truck: Standard,3.0,6,A,D,8.9,5.0,4.0,13.0,1,0,0,0
197,Pickup truck: Standard,5.3,8,A,X,14.5,3.0,4.0,13.0,0,0,1,0
198,Pickup truck: Standard,5.3,8,A,E,19.1,3.0,4.0,13.0,0,1,0,0
199,Pickup truck: Standard,5.3,8,A,X,13.4,3.0,4.0,13.0,0,0,1,0
200,Pickup truck: Standard,5.3,8,A,X,13.0,3.0,4.0,13.0,0,0,1,0
201,Pickup truck: Standard,2.7,4,A,X,13.1,3.0,4.0,13.0,0,0,1,0
202,Pickup truck: Standard,2.7,4,A,X,14.0,3.0,4.0,13.0,0,0,1,0
203,Pickup truck: Standard,3.0,6,A,D,10.1,4.0,4.0,13.0,1,0,0,0
204,Pickup truck: Standard,3.0,6,A,D,9.9,4.0,4.0,13.0,1,0,0,0
205,Pickup truck: Standard,3.0,6,A,D,11.2,4.0,4.0,13.0,1,0,0,0
206,Pickup truck: Standard,5.3,8,A,X,14.8,3.0,4.0,13.0,0,0,1,0
207,Pickup truck: Standard,5.3,8,A,E,19.5,3.0,4.0,13.0,0,1,0,0
208,Pickup truck: Standard,5.3,8,A,X,16.2,2.0,4.0,13.0,0,0,1,0
209,Pickup truck: Standard,5.3,8,A,E,21.5,2.0,4.0,13.0,0,1,0,0
210,Pickup truck: Standard,5.3,8,A,X,13.9,3.0,4.0,13.0,0,0,1,0
211,Pickup truck: Standard,5.3,8,A,X,15.3,2.0,4.0,13.0,0,0,1,0
212,Pickup truck: Standard,5.3,8,A,X,13.4,3.0,4.0,13.0,0,0,1,0
213,Pickup truck: Standard,5.3,8,A,X,14.8,3.0,4.0,13.0,0,0,1,0
214,Pickup truck: Standard,5.3,8,A,X,13.9,3.0,4.0,13.0,0,0,1,0
215,Pickup truck: Standard,5.3,8,A,X,14.4,3.0,4.0,13.0,0,0,1,0
216,Pickup truck: Standard,5.3,8,A,X,15.4,2.0,4.0,13.0,0,0,1,0
217,Pickup truck: Standard,5.3,8,A,X,15.5,2.0,4.0,13.0,0,0,1,0
218,Pickup truck: Standard,5.3,8,A,X,16.2,2.0,4.0,13.0,0,0,1,0
219,Pickup truck: Standard,6.2,8,A,Z,14.0,3.0,4.0,13.0,0,0,0,1
220,Pickup truck: Standard,6.2,8,A,Z,14.7,3.0,4.0,13.0,0,0,0,1
221,Pickup truck: Standard,6.2,8,A,Z,15.0,3.0,4.0,13.0,0,0,0,1
222,Pickup truck: Standard,6.2,8,A,Z,15.0,3.0,4.0,13.0,0,0,0,1
223,Pickup truck: Standard,6.2,8,A,Z,16.4,2.0,4.0,13.0,0,0,0,1
224,Pickup truck: Standard,6.2,8,A,Z,15.5,2.0,4.0,13.0,0,0,0,1
225,Subcompact,1.4,4,AV,X,7.0,7.0,0.0,3.0,0,0,1,0
226,Subcompact,1.4,4,M,X,7.2,7.0,2.0,3.0,0,0,1,0
227,SUV: Standard,3.0,6,A,D,10.1,4.0,4.0,7.0,1,0,0,0
228,SUV: Standard,5.3,8,A,X,14.0,3.0,4.0,7.0,0,0,1,0
229,SUV: Standard,5.3,8,A,X,14.1,3.0,4.0,7.0,0,0,1,0
230,SUV: Standard,3.0,6,A,D,10.5,4.0,4.0,7.0,1,0,0,0
231,SUV: Standard,5.3,8,A,X,14.3,3.0,4.0,7.0,0,0,1,0
232,SUV: Standard,5.3,8,A,X,15.1,3.0,4.0,7.0,0,0,1,0
233,SUV: Standard,6.2,8,A,Z,14.7,3.0,4.0,7.0,0,0,0,1
234,SUV: Standard,6.2,8,A,Z,15.1,3.0,4.0,7.0,0,0,0,1
235,SUV: Standard,3.0,6,A,D,9.8,4.0,4.0,7.0,1,0,0,0
236,SUV: Standard,5.3,8,A,X,14.0,3.0,4.0,7.0,0,0,1,0
237,SUV: Standard,5.3,8,A,X,14.1,3.0,4.0,7.0,0,0,1,0
238,SUV: Standard,3.0,6,A,D,10.5,4.0,4.0,7.0,1,0,0,0
239,SUV: Standard,5.3,8,A,X,14.0,3.0,4.0,7.0,0,0,1,0
240,SUV: Standard,5.3,8,A,X,15.1,3.0,4.0,7.0,0,0,1,0
241,SUV: Standard,6.2,8,A,Z,14.7,3.0,4.0,7.0,0,0,0,1
242,SUV: Standard,6.2,8,A,Z,15.1,3.0,4.0,7.0,0,0,0,1
243,SUV: Small,1.2,3,AV,X,7.8,6.0,0.0,6.0,0,0,1,0
244,SUV: Small,1.3,3,AV,X,7.6,7.0,0.0,6.0,0,0,1,0
245,SUV: Small,1.3,3,A,X,8.4,6.0,4.0,6.0,0,0,1,0
246,SUV: Standard,3.6,6,A,X,11.1,4.0,4.0,7.0,0,0,1,0
247,SUV: Standard,3.6,6,A,X,11.8,4.0,4.0,7.0,0,0,1,0
248,SUV: Small,1.4,4,AS,X,8.6,6.0,3.0,6.0,0,0,1,0
249,SUV: Small,1.4,4,AS,X,9.1,5.0,3.0,6.0,0,0,1,0
250,Full-size,3.6,6,A,X,10.3,5.0,4.0,5.0,0,0,1,0
251,Full-size,5.7,8,A,X,12.3,4.0,4.0,5.0,0,0,1,0
252,Full-size,3.6,6,A,X,11.0,4.0,4.0,5.0,0,0,1,0
253,Minivan,3.6,6,A,X,10.6,5.0,4.0,8.0,0,0,1,0
254,Minivan,3.6,6,A,X,10.6,5.0,4.0,8.0,0,0,1,0
255,Minivan,3.6,6,A,X,12.0,4.0,4.0,8.0,0,0,1,0
256,Mid-size,3.6,6,A,X,10.3,5.0,4.0,4.0,0,0,1,0
257,Mid-size,5.7,8,A,X,12.3,4.0,4.0,4.0,0,0,1,0
258,Mid-size,5.7,8,M,Z,13.1,3.0,2.0,4.0,0,0,0,1
259,Mid-size,6.4,8,A,Z,13.0,3.0,4.0,4.0,0,0,0,1
260,Mid-size,6.4,8,M,Z,13.9,3.0,2.0,4.0,0,0,0,1
261,Mid-size,3.6,6,A,X,11.0,4.0,4.0,4.0,0,0,1,0
262,Mid-size,6.4,8,A,Z,13.0,3.0,4.0,4.0,0,0,0,1
263,Mid-size,6.4,8,M,Z,13.9,3.0,2.0,4.0,0,0,0,1
264,Mid-size,6.2,8,A,Z,14.5,3.0,4.0,4.0,0,0,0,1
265,Mid-size,6.2,8,M,Z,15.1,3.0,2.0,4.0,0,0,0,1
266,Mid-size,6.2,8,A,Z,15.3,2.0,4.0,4.0,0,0,0,1
267,Mid-size,6.2,8,M,Z,15.1,3.0,2.0,4.0,0,0,0,1
268,Full-size,3.6,6,A,X,10.3,5.0,4.0,5.0,0,0,1,0
269,Full-size,5.7,8,A,X,12.3,4.0,4.0,5.0,0,0,1,0
270,Full-size,6.4,8,A,Z,13.0,3.0,4.0,5.0,0,0,0,1
271,Full-size,3.6,6,A,X,11.0,4.0,4.0,5.0,0,0,1,0
272,Full-size,6.4,8,A,Z,13.0,3.0,4.0,5.0,0,0,0,1
273,Full-size,6.2,8,A,Z,15.6,2.0,4.0,5.0,0,0,0,1
274,SUV: Standard,3.6,6,A,X,11.3,4.0,4.0,7.0,0,0,1,0
275,SUV: Standard,5.7,8,A,X,14.1,3.0,4.0,7.0,0,0,1,0
276,SUV: Standard,6.4,8,A,Z,15.6,2.0,4.0,7.0,0,0,0,1
277,SUV: Small,1.3,4,A,X,9.1,5.0,4.0,6.0,0,0,1,0
278,SUV: Small,2.3,4,AS,X,11.7,4.0,3.0,6.0,0,0,1,0
279,SUV: Small,2.3,4,M,X,11.8,4.0,2.0,6.0,0,0,1,0
280,SUV: Small,2.7,6,AS,X,12.4,4.0,3.0,6.0,0,0,1,0
281,SUV: Small,2.3,4,AS,X,13.7,3.0,3.0,6.0,0,0,1,0
282,SUV: Small,2.3,4,M,X,14.3,3.0,2.0,6.0,0,0,1,0
283,SUV: Small,2.7,6,AS,X,14.1,3.0,3.0,6.0,0,0,1,0
284,SUV: Small,2.3,4,AS,X,13.1,3.0,3.0,6.0,0,0,1,0
285,SUV: Small,2.3,4,M,X,13.2,3.0,2.0,6.0,0,0,1,0
286,SUV: Small,2.3,4,AS,X,13.4,3.0,3.0,6.0,0,0,1,0
287,SUV: Small,2.3,4,M,X,13.5,3.0,2.0,6.0,0,0,1,0
288,SUV: Small,2.7,6,AS,X,14.1,3.0,3.0,6.0,0,0,1,0
289,SUV: Small,1.5,3,A,X,8.9,5.0,4.0,6.0,0,0,1,0
290,SUV: Small,2.0,4,AS,X,10.2,5.0,3.0,6.0,0,0,1,0
291,SUV: Small,2.0,4,AS,X,9.3,5.0,3.0,6.0,0,0,1,0
292,SUV: Small,2.0,4,A,X,10.1,5.0,4.0,6.0,0,0,1,0
293,SUV: Small,2.0,4,AS,X,10.2,5.0,3.0,6.0,0,0,1,0
294,SUV: Small,2.7,6,AS,X,11.2,4.0,3.0,6.0,0,0,1,0
295,SUV: Small,1.5,3,A,X,7.8,6.0,4.0,6.0,0,0,1,0
296,SUV: Small,1.5,3,A,X,8.4,6.0,4.0,6.0,0,0,1,0
297,SUV: Small,2.0,4,A,X,9.2,5.0,4.0,6.0,0,0,1,0
298,SUV: Small,2.5,4,AV,X,5.8,8.0,0.0,6.0,0,0,1,0
299,SUV: Small,2.5,4,AV,X,5.9,8.0,0.0,6.0,0,0,1,0
300,SUV: Standard,3.5,6,AS,X,12.9,3.0,3.0,7.0,0,0,1,0
301,SUV: Standard,3.5,6,AS,X,13.5,3.0,3.0,7.0,0,0,1,0
302,SUV: Standard,3.5,6,AS,X,13.5,3.0,3.0,7.0,0,0,1,0
303,SUV: Standard,3.5,6,AS,X,13.9,3.0,3.0,7.0,0,0,1,0
304,SUV: Standard,2.3,4,A,X,10.3,5.0,4.0,7.0,0,0,1,0
305,SUV: Standard,2.3,4,A,X,10.7,5.0,4.0,7.0,0,0,1,0
306,SUV: Standard,2.3,4,AS,X,11.5,4.0,3.0,7.0,0,0,1,0
307,SUV: Standard,2.3,4,AS,X,11.8,4.0,3.0,7.0,0,0,1,0
308,SUV: Standard,3.0,6,A,X,11.8,4.0,4.0,7.0,0,0,1,0
309,SUV: Standard,3.3,6,AS,X,9.6,6.0,3.0,7.0,0,0,1,0
310,Pickup truck: Standard,2.7,6,AS,X,10.9,5.0,3.0,13.0,0,0,1,0
311,Pickup truck: Standard,2.7,6,AS,X,12.0,4.0,3.0,13.0,0,0,1,0
312,Pickup truck: Standard,3.3,6,AS,X,11.1,4.0,3.0,13.0,0,0,1,0
313,Pickup truck: Standard,3.3,6,AS,E,15.0,5.0,3.0,13.0,0,1,0,0
314,Pickup truck: Standard,3.5,6,AS,X,11.7,4.0,3.0,13.0,0,0,1,0
315,Pickup truck: Standard,3.5,6,AS,X,12.0,4.0,3.0,13.0,0,0,1,0
316,Pickup truck: Standard,5.0,8,AS,X,12.8,3.0,3.0,13.0,0,0,1,0
317,Pickup truck: Standard,5.0,8,AS,E,17.9,4.0,3.0,13.0,0,1,0,0
318,Pickup truck: Standard,5.0,8,AS,X,12.9,3.0,3.0,13.0,0,0,1,0
319,Pickup truck: Standard,5.0,8,AS,E,17.4,4.0,3.0,13.0,0,1,0,0
320,Pickup truck: Standard,2.7,6,AS,X,11.7,4.0,3.0,13.0,0,0,1,0
321,Pickup truck: Standard,3.3,6,AS,X,11.8,4.0,3.0,13.0,0,0,1,0
322,Pickup truck: Standard,3.3,6,AS,E,15.4,5.0,3.0,13.0,0,1,0,0
323,Pickup truck: Standard,3.5,6,AS,X,12.1,4.0,3.0,13.0,0,0,1,0
324,Pickup truck: Standard,3.5,6,AS,X,13.0,3.0,3.0,13.0,0,0,1,0
325,Pickup truck: Standard,5.0,8,AS,X,12.9,3.0,3.0,13.0,0,0,1,0
326,Pickup truck: Standard,5.0,8,AS,E,18.1,3.0,3.0,13.0,0,1,0,0
327,Pickup truck: Standard,5.0,8,AS,X,13.1,3.0,3.0,13.0,0,0,1,0
328,Pickup truck: Standard,5.0,8,AS,E,17.8,4.0,3.0,13.0,0,1,0,0
329,Pickup truck: Standard,3.5,6,AS,X,14.6,3.0,3.0,13.0,0,0,1,0
330,Pickup truck: Standard,3.5,6,AS,X,15.2,2.0,3.0,13.0,0,0,1,0
331,Pickup truck: Standard,3.5,6,AS,X,15.3,2.0,3.0,13.0,0,0,1,0
332,Pickup truck: Standard,3.5,6,AS,X,15.8,2.0,3.0,13.0,0,0,1,0
333,Pickup truck: Standard,3.5,6,AS,X,13.2,3.0,3.0,13.0,0,0,1,0
334,Pickup truck: Standard,3.5,6,AS,X,13.3,3.0,3.0,13.0,0,0,1,0
335,Pickup truck: Standard,3.5,6,AS,X,9.7,5.0,3.0,13.0,0,0,1,0
336,Pickup truck: Standard,3.5,6,AS,X,10.2,5.0,3.0,13.0,0,0,1,0
337,Two-seater,3.5,6,AM,Z,16.7,2.0,1.0,0.0,0,0,0,1
338,Pickup truck: Small,2.0,4,A,X,9.6,5.0,4.0,11.0,0,0,1,0
339,Pickup truck: Small,2.5,4,AV,X,6.3,8.0,0.0,11.0,0,0,1,0
340,Subcompact,2.3,4,A,X,9.3,5.0,4.0,3.0,0,0,1,0
341,Subcompact,2.3,4,AS,X,10.3,5.0,3.0,3.0,0,0,1,0
342,Subcompact,2.3,4,M,X,10.0,5.0,2.0,3.0,0,0,1,0
343,Subcompact,2.3,4,M,X,10.5,5.0,2.0,3.0,0,0,1,0
344,Subcompact,5.0,8,AS,X,12.7,4.0,3.0,3.0,0,0,1,0
345,Subcompact,5.0,8,M,X,13.4,4.0,2.0,3.0,0,0,1,0
346,Subcompact,2.3,4,A,X,10.1,5.0,4.0,3.0,0,0,1,0
347,Subcompact,2.3,4,AS,X,10.4,5.0,3.0,3.0,0,0,1,0
348,Subcompact,2.3,4,AS,X,10.7,5.0,3.0,3.0,0,0,1,0
349,Subcompact,2.3,4,M,X,10.4,5.0,2.0,3.0,0,0,1,0
350,Subcompact,2.3,4,M,X,10.9,5.0,2.0,3.0,0,0,1,0
351,Subcompact,5.0,8,AS,X,13.4,3.0,3.0,3.0,0,0,1,0
352,Subcompact,5.0,8,AS,X,12.9,3.0,3.0,3.0,0,0,1,0
353,Subcompact,5.0,8,M,X,14.5,3.0,2.0,3.0,0,0,1,0
354,Pickup truck: Standard,2.3,4,AS,X,10.9,5.0,3.0,13.0,0,0,1,0
355,Pickup truck: Standard,2.3,4,AS,X,11.2,4.0,3.0,13.0,0,0,1,0
356,Pickup truck: Standard,2.3,4,AS,X,12.4,4.0,3.0,13.0,0,0,1,0
357,Subcompact,5.2,8,AM,Z,16.7,2.0,1.0,3.0,0,0,0,1
358,Special purpose vehicle,2.0,4,AS,X,9.4,5.0,3.0,12.0,0,0,1,0
359,Special purpose vehicle,2.0,4,AS,X,9.4,5.0,3.0,12.0,0,0,1,0
360,Special purpose vehicle,2.0,4,AS,E,12.7,5.0,3.0,12.0,0,1,0,0
361,Special purpose vehicle,2.5,4,AS,X,10.6,5.0,3.0,12.0,0,0,1,0
362,Special purpose vehicle,2.0,4,AS,X,9.2,5.0,3.0,12.0,0,0,1,0
363,Special purpose vehicle,2.0,4,AS,X,9.2,5.0,3.0,12.0,0,0,1,0
364,Special purpose vehicle,2.0,4,AS,E,13.2,5.0,3.0,12.0,0,1,0,0
365,Special purpose vehicle,2.5,4,AS,X,10.6,5.0,3.0,12.0,0,0,1,0
366,Compact,3.3,6,AS,Z,11.5,4.0,3.0,2.0,0,0,0,1
367,Full-size,2.5,4,AS,Z,9.5,5.0,3.0,5.0,0,0,0,1
368,Full-size,3.5,6,AS,Z,12.6,4.0,3.0,5.0,0,0,0,1
369,Full-size,5.0,8,AS,Z,12.8,3.0,3.0,5.0,0,0,0,1
370,SUV: Small,2.5,4,AS,Z,9.7,5.0,3.0,6.0,0,0,0,1
371,SUV: Small,3.5,6,AS,Z,11.6,4.0,3.0,6.0,0,0,0,1
372,SUV: Standard,2.5,4,AS,Z,10.5,5.0,3.0,7.0,0,0,0,1
373,SUV: Standard,3.5,6,AS,Z,11.8,4.0,3.0,7.0,0,0,0,1
374,SUV: Standard,2.0,4,A,X,9.4,5.0,4.0,7.0,0,0,1,0
375,SUV: Standard,3.6,6,A,Z,10.7,5.0,4.0,7.0,0,0,0,1
376,SUV: Standard,2.0,4,A,X,9.9,5.0,4.0,7.0,0,0,1,0
377,SUV: Standard,3.6,6,A,X,11.0,4.0,4.0,7.0,0,0,1,0
378,Pickup truck: Small,2.5,4,A,X,10.9,5.0,4.0,11.0,0,0,1,0
379,Pickup truck: Small,2.8,4,A,D,10.1,4.0,4.0,11.0,1,0,0,0
380,Pickup truck: Small,3.6,6,A,X,11.3,4.0,4.0,11.0,0,0,1,0
381,Pickup truck: Small,2.5,4,A,X,11.4,4.0,4.0,11.0,0,0,1,0
382,Pickup truck: Small,2.8,4,A,D,10.5,4.0,4.0,11.0,1,0,0,0
383,Pickup truck: Small,3.6,6,A,X,12.1,4.0,4.0,11.0,0,0,1,0
384,Pickup truck: Standard,2.7,4,A,X,11.6,4.0,4.0,13.0,0,0,1,0
385,Pickup truck: Standard,3.0,6,A,D,9.1,5.0,4.0,13.0,1,0,0,0
386,Pickup truck: Standard,5.3,8,A,X,14.5,3.0,4.0,13.0,0,0,1,0
387,Pickup truck: Standard,5.3,8,A,E,19.1,3.0,4.0,13.0,0,1,0,0
388,Pickup truck: Standard,5.3,8,A,X,13.4,3.0,4.0,13.0,0,0,1,0
389,Pickup truck: Standard,5.3,8,A,X,13.0,3.0,4.0,13.0,0,0,1,0
390,Pickup truck: Standard,2.7,4,A,X,13.1,3.0,4.0,13.0,0,0,1,0
391,Pickup truck: Standard,2.7,4,A,X,14.0,3.0,4.0,13.0,0,0,1,0
392,Pickup truck: Standard,3.0,6,A,D,9.9,4.0,4.0,13.0,1,0,0,0
393,Pickup truck: Standard,3.0,6,A,D,11.2,4.0,4.0,13.0,1,0,0,0
394,Pickup truck: Standard,5.3,8,A,X,14.8,3.0,4.0,13.0,0,0,1,0
395,Pickup truck: Standard,5.3,8,A,E,19.5,3.0,4.0,13.0,0,1,0,0
396,Pickup truck: Standard,5.3,8,A,X,16.2,2.0,4.0,13.0,0,0,1,0
397,Pickup truck: Standard,5.3,8,A,E,21.5,2.0,4.0,13.0,0,1,0,0
398,Pickup truck: Standard,5.3,8,A,X,13.9,3.0,4.0,13.0,0,0,1,0
399,Pickup truck: Standard,5.3,8,A,X,15.3,2.0,4.0,13.0,0,0,1,0
400,Pickup truck: Standard,5.3,8,A,X,13.6,3.0,4.0,13.0,0,0,1,0
401,Pickup truck: Standard,5.3,8,A,X,14.8,3.0,4.0,13.0,0,0,1,0
402,Pickup truck: Standard,5.3,8,A,X,14.0,3.0,4.0,13.0,0,0,1,0
403,Pickup truck: Standard,5.3,8,A,X,14.4,3.0,4.0,13.0,0,0,1,0
404,Pickup truck: Standard,5.3,8,A,X,15.4,2.0,4.0,13.0,0,0,1,0
405,Pickup truck: Standard,5.3,8,A,X,16.2,2.0,4.0,13.0,0,0,1,0
406,Pickup truck: Standard,6.2,8,A,Z,14.0,3.0,4.0,13.0,0,0,0,1
407,Pickup truck: Standard,6.2,8,A,Z,14.7,3.0,4.0,13.0,0,0,0,1
408,Pickup truck: Standard,6.2,8,A,Z,15.0,3.0,4.0,13.0,0,0,0,1
409,Pickup truck: Standard,6.2,8,A,Z,16.4,2.0,4.0,13.0,0,0,0,1
410,SUV: Small,1.5,4,A,X,8.6,6.0,4.0,6.0,0,0,1,0
411,SUV: Small,1.5,4,A,X,9.0,5.0,4.0,6.0,0,0,1,0
412,SUV: Standard,3.0,6,A,D,10.1,4.0,4.0,7.0,1,0,0,0
413,SUV: Standard,5.3,8,A,X,14.0,3.0,4.0,7.0,0,0,1,0
414,SUV: Standard,5.3,8,A,X,14.1,3.0,4.0,7.0,0,0,1,0
415,SUV: Standard,3.0,6,A,D,10.5,4.0,4.0,7.0,1,0,0,0
416,SUV: Standard,5.3,8,A,X,14.0,3.0,4.0,7.0,0,0,1,0
417,SUV: Standard,5.3,8,A,X,15.1,3.0,4.0,7.0,0,0,1,0
418,SUV: Standard,6.2,8,A,Z,14.7,3.0,4.0,7.0,0,0,0,1
419,SUV: Standard,6.2,8,A,Z,15.1,3.0,4.0,7.0,0,0,0,1
420,SUV: Standard,3.0,6,A,D,10.1,4.0,4.0,7.0,1,0,0,0
421,SUV: Standard,5.3,8,A,X,14.0,3.0,4.0,7.0,0,0,1,0
422,SUV: Standard,5.3,8,A,X,14.1,3.0,4.0,7.0,0,0,1,0
423,SUV: Standard,3.0,6,A,D,10.5,4.0,4.0,7.0,1,0,0,0
424,SUV: Standard,5.3,8,A,X,14.3,3.0,4.0,7.0,0,0,1,0
425,SUV: Standard,5.3,8,A,X,15.1,3.0,4.0,7.0,0,0,1,0
426,SUV: Standard,6.2,8,A,Z,14.7,3.0,4.0,7.0,0,0,0,1
427,SUV: Standard,6.2,8,A,Z,15.1,3.0,4.0,7.0,0,0,0,1
428,Full-size,1.5,4,AV,X,7.2,7.0,0.0,5.0,0,0,1,0
429,Full-size,1.5,4,AV,X,7.5,7.0,0.0,5.0,0,0,1,0
430,Full-size,2.0,4,AS,X,9.1,5.0,3.0,5.0,0,0,1,0
431,Full-size,2.0,4,AV,X,5.0,9.0,0.0,5.0,0,0,1,0
432,Full-size,2.0,4,AV,X,5.5,8.0,0.0,5.0,0,0,1,0
433,Full-size,1.5,4,AV,X,7.1,7.0,0.0,5.0,0,0,1,0
434,Full-size,1.5,4,M,X,7.5,7.0,2.0,5.0,0,0,1,0
435,Full-size,2.0,4,AV,X,7.2,7.0,0.0,5.0,0,0,1,0
436,Full-size,2.0,4,M,X,8.0,6.0,2.0,5.0,0,0,1,0
437,Mid-size,1.5,4,AV,X,6.9,7.0,0.0,4.0,0,0,1,0
438,Mid-size,2.0,4,AV,X,6.9,7.0,0.0,4.0,0,0,1,0
439,Mid-size,2.0,4,AV,X,7.1,7.0,0.0,4.0,0,0,1,0
440,Mid-size,1.5,4,M,Z,7.7,7.0,2.0,4.0,0,0,0,1
441,SUV: Small,1.5,4,AV,X,7.7,7.0,0.0,6.0,0,0,1,0
442,SUV: Small,1.5,4,AV,X,8.1,6.0,0.0,6.0,0,0,1,0
443,Station wagon: Small,1.8,4,AV,X,7.8,6.0,0.0,9.0,0,0,1,0
444,Station wagon: Small,1.8,4,AV,X,8.2,6.0,0.0,9.0,0,0,1,0
445,Station wagon: Small,1.8,4,AV,X,8.5,6.0,0.0,9.0,0,0,1,0
446,Minivan,3.5,6,AS,X,10.6,5.0,3.0,8.0,0,0,1,0
447,SUV: Small,3.5,6,AS,X,11.3,4.0,3.0,6.0,0,0,1,0
448,SUV: Small,3.5,6,AS,X,11.0,5.0,3.0,6.0,0,0,1,0
449,SUV: Small,3.5,6,AS,X,11.1,4.0,3.0,6.0,0,0,1,0
450,Pickup truck: Standard,3.5,6,AS,X,11.5,4.0,3.0,13.0,0,0,1,0
451,Mid-size,1.6,4,AM,X,7.6,7.0,1.0,4.0,0,0,1,0
452,Mid-size,2.0,4,AV,X,6.7,7.0,0.0,4.0,0,0,1,0
453,Mid-size,2.0,4,AV,X,6.4,7.0,0.0,4.0,0,0,1,0
454,Mid-size,2.0,4,M,X,7.8,6.0,2.0,4.0,0,0,1,0
455,Mid-size,2.0,4,AM,Z,10.2,5.0,1.0,4.0,0,0,0,1
456,Mid-size,2.0,4,M,Z,9.4,5.0,2.0,4.0,0,0,0,1
457,Mid-size,1.6,4,AM,X,4.4,9.0,1.0,4.0,0,0,1,0
458,Full-size,1.6,4,AM,X,4.2,9.0,1.0,5.0,0,0,1,0
459,Full-size,1.6,4,AM,X,4.0,10.0,1.0,5.0,0,0,1,0
460,SUV: Small,2.0,4,AV,X,7.4,7.0,0.0,6.0,0,0,1,0
461,SUV: Small,2.0,4,AM,Z,10.4,5.0,1.0,6.0,0,0,0,1
462,SUV: Small,1.6,4,AM,X,8.2,6.0,1.0,6.0,0,0,1,0
463,SUV: Small,2.0,4,AV,X,7.9,6.0,0.0,6.0,0,0,1,0
464,SUV: Standard,3.8,6,AS,X,11.1,4.0,3.0,7.0,0,0,1,0
465,Pickup truck: Small,2.5,4,AM,X,10.6,5.0,1.0,11.0,0,0,1,0
466,SUV: Small,2.5,4,AM,X,9.9,5.0,1.0,6.0,0,0,1,0
467,SUV: Small,2.5,4,AS,X,10.0,5.0,3.0,6.0,0,0,1,0
468,SUV: Small,1.6,4,AM,X,7.4,7.0,1.0,6.0,0,0,1,0
469,Full-size,1.6,4,AS,X,7.7,6.0,3.0,5.0,0,0,1,0
470,Full-size,2.5,4,AM,X,8.8,6.0,1.0,5.0,0,0,1,0
471,Full-size,2.5,4,AS,X,7.7,6.0,3.0,5.0,0,0,1,0
472,Full-size,2.0,4,AM,X,5.0,9.0,1.0,5.0,0,0,1,0
473,SUV: Small,2.5,4,AS,X,8.2,6.0,3.0,6.0,0,0,1,0
474,SUV: Small,2.5,4,AS,X,9.0,5.0,3.0,6.0,0,0,1,0
475,SUV: Small,1.6,4,AM,X,6.4,7.0,1.0,6.0,0,0,1,0
476,Compact,2.0,4,AM,Z,10.5,5.0,1.0,2.0,0,0,0,1
477,Compact,2.0,4,M,Z,9.5,5.0,2.0,2.0,0,0,0,1
478,Mid-size,1.6,4,AV,X,7.5,7.0,0.0,4.0,0,0,1,0
479,Mid-size,1.6,4,M,X,7.8,6.0,2.0,4.0,0,0,1,0
480,Mid-size,3.0,6,AS,Z,10.8,5.0,3.0,4.0,0,0,0,1
481,Mid-size,3.0,6,AS,Z,11.1,4.0,3.0,4.0,0,0,0,1
482,Subcompact,3.0,6,AS,Z,10.7,5.0,3.0,3.0,0,0,0,1
483,Subcompact,3.0,6,AS,Z,11.0,4.0,3.0,3.0,0,0,0,1
484,SUV: Small,2.0,4,AV,Z,9.7,5.0,0.0,6.0,0,0,0,1
485,SUV: Small,2.0,4,AV,Z,9.5,5.0,0.0,6.0,0,0,0,1
486,SUV: Standard,3.5,6,AS,Z,10.8,5.0,3.0,7.0,0,0,0,1
487,SUV: Standard,5.6,8,AS,Z,15.1,3.0,3.0,7.0,0,0,0,1
488,SUV: Small,2.0,4,AS,Z,10.4,5.0,3.0,6.0,0,0,0,1
489,SUV: Small,2.0,4,AS,Z,10.3,5.0,3.0,6.0,0,0,0,1
490,Two-seater,5.0,8,AS,Z,12.1,4.0,3.0,0.0,0,0,0,1
491,Two-seater,5.0,8,AS,Z,12.7,3.0,3.0,0.0,0,0,0,1
492,Two-seater,5.0,8,AS,Z,12.1,4.0,3.0,0.0,0,0,0,1
493,Two-seater,5.0,8,AS,Z,12.7,3.0,3.0,0.0,0,0,0,1
494,Two-seater,5.0,8,AS,Z,12.7,3.0,3.0,0.0,0,0,0,1
495,Two-seater,5.0,8,AS,Z,12.7,3.0,3.0,0.0,0,0,0,1
496,SUV: Small,2.0,4,A,X,9.1,5.0,4.0,6.0,0,0,1,0
497,SUV: Small,2.4,4,A,X,9.3,5.0,4.0,6.0,0,0,1,0
498,SUV: Small,3.2,6,A,X,10.2,5.0,4.0,6.0,0,0,1,0
499,SUV: Small,2.0,4,A,X,9.8,5.0,4.0,6.0,0,0,1,0
500,SUV: Small,2.4,4,A,X,9.8,5.0,4.0,6.0,0,0,1,0
501,SUV: Small,3.2,6,A,X,10.6,5.0,4.0,6.0,0,0,1,0
502,SUV: Small,3.2,6,A,X,11.5,4.0,4.0,6.0,0,0,1,0
503,SUV: Small,2.4,4,A,X,9.3,5.0,4.0,6.0,0,0,1,0
504,SUV: Small,2.4,4,A,X,9.5,5.0,4.0,6.0,0,0,1,0
505,Pickup truck: Standard,3.0,6,A,D,9.8,4.0,4.0,13.0,1,0,0,0
506,Pickup truck: Standard,3.0,6,A,D,10.0,4.0,4.0,13.0,1,0,0,0
507,Pickup truck: Standard,3.6,6,A,X,12.3,4.0,4.0,13.0,0,0,1,0
508,Pickup truck: Standard,3.6,6,M,X,12.6,4.0,2.0,13.0,0,0,1,0
509,SUV: Standard,3.6,6,A,X,10.9,5.0,4.0,7.0,0,0,1,0
510,SUV: Standard,5.7,8,A,X,14.1,3.0,4.0,7.0,0,0,1,0
511,SUV: Standard,3.6,6,A,X,11.3,4.0,4.0,7.0,0,0,1,0
512,SUV: Standard,5.7,8,A,X,14.1,3.0,4.0,7.0,0,0,1,0
513,SUV: Standard,3.6,6,A,X,11.3,4.0,4.0,7.0,0,0,1,0
514,SUV: Standard,6.4,8,A,Z,16.0,2.0,4.0,7.0,0,0,0,1
515,SUV: Small,1.3,4,A,X,8.7,6.0,4.0,6.0,0,0,1,0
516,SUV: Small,1.3,4,A,X,9.2,5.0,4.0,6.0,0,0,1,0
517,SUV: Small,1.3,4,A,X,9.9,5.0,4.0,6.0,0,0,1,0
518,SUV: Standard,5.7,8,A,X,13.8,3.0,4.0,7.0,0,0,1,0
519,SUV: Small,2.0,4,A,X,10.3,5.0,4.0,6.0,0,0,1,0
520,SUV: Small,3.6,6,A,X,11.8,4.0,4.0,6.0,0,0,1,0
521,SUV: Small,3.6,6,A,X,11.0,4.0,4.0,6.0,0,0,1,0
522,SUV: Small,3.6,6,M,X,11.8,4.0,2.0,6.0,0,0,1,0
523,SUV: Small,2.0,4,A,X,10.8,5.0,4.0,6.0,0,0,1,0
524,SUV: Small,3.0,6,A,D,9.5,5.0,4.0,6.0,1,0,0,0
525,SUV: Small,3.0,6,A,D,10.2,4.0,4.0,6.0,1,0,0,0
526,SUV: Small,3.6,6,A,X,11.7,4.0,4.0,6.0,0,0,1,0
527,SUV: Small,3.6,6,A,X,11.2,4.0,4.0,6.0,0,0,1,0
528,SUV: Small,3.6,6,M,X,12.2,4.0,2.0,6.0,0,0,1,0
529,SUV: Small,6.4,8,A,Z,16.5,2.0,4.0,6.0,0,0,0,1
530,Minivan,3.5,6,AS,X,10.6,5.0,3.0,8.0,0,0,1,0
531,Mid-size,1.6,4,AM,X,7.8,6.0,1.0,4.0,0,0,1,0
532,Mid-size,2.0,4,AV,X,7.0,7.0,0.0,4.0,0,0,1,0
533,Mid-size,2.0,4,M,X,7.6,7.0,2.0,4.0,0,0,1,0
534,Full-size,1.6,4,AM,X,8.0,6.0,1.0,5.0,0,0,1,0
535,Full-size,2.0,4,AV,X,7.1,7.0,0.0,5.0,0,0,1,0
536,Full-size,2.5,4,AM,X,8.7,6.0,1.0,5.0,0,0,1,0
537,Full-size,1.6,4,AS,X,8.2,6.0,3.0,5.0,0,0,1,0
538,Station wagon: Small,1.6,4,AM,X,4.6,9.0,1.0,9.0,0,0,1,0
539,Station wagon: Small,1.6,4,AM,X,4.6,9.0,1.0,9.0,0,0,1,0
540,Station wagon: Small,1.6,4,AM,X,5.3,9.0,1.0,9.0,0,0,1,0
541,Compact,1.6,4,AV,X,6.7,7.0,0.0,2.0,0,0,1,0
542,Compact,1.6,4,M,X,7.0,7.0,2.0,2.0,0,0,1,0
543,SUV: Small,2.0,4,AV,X,7.7,6.0,0.0,6.0,0,0,1,0
544,SUV: Small,1.6,4,AM,X,8.7,6.0,1.0,6.0,0,0,1,0
545,SUV: Small,2.0,4,AV,X,8.2,6.0,0.0,6.0,0,0,1,0
546,SUV: Small,2.5,4,AM,X,9.9,5.0,1.0,6.0,0,0,1,0
547,SUV: Small,2.5,4,AS,X,9.7,5.0,3.0,6.0,0,0,1,0
548,SUV: Small,1.6,4,AM,X,6.6,7.0,1.0,6.0,0,0,1,0
549,Station wagon: Small,2.0,4,AV,X,7.9,6.0,0.0,9.0,0,0,1,0
550,SUV: Small,2.4,4,AS,X,9.0,5.0,3.0,6.0,0,0,1,0
551,SUV: Small,2.0,4,AS,X,11.0,4.0,3.0,6.0,0,0,1,0
552,SUV: Small,2.4,4,AS,X,10.0,5.0,3.0,6.0,0,0,1,0
553,Mid-size,3.3,6,AS,Z,11.9,4.0,3.0,4.0,0,0,0,1
554,SUV: Small,3.8,6,AS,X,11.3,4.0,3.0,6.0,0,0,1,0
555,Two-seater,6.5,12,AM,Z,21.2,1.0,1.0,0.0,0,0,0,1
556,Two-seater,6.5,12,AM,Z,21.5,1.0,1.0,0.0,0,0,0,1
557,Two-seater,6.5,12,AM,Z,21.5,1.0,1.0,0.0,0,0,0,1
558,Two-seater,5.2,10,AM,Z,15.7,2.0,1.0,0.0,0,0,0,1
559,Two-seater,5.2,10,AM,Z,15.7,2.0,1.0,0.0,0,0,0,1
560,Two-seater,5.2,10,AM,Z,15.7,2.0,1.0,0.0,0,0,0,1
561,Two-seater,5.2,10,AM,Z,15.7,2.0,1.0,0.0,0,0,0,1
562,SUV: Standard,4.0,8,AS,Z,16.9,2.0,3.0,7.0,0,0,0,1
563,SUV: Standard,2.0,4,AS,Z,12.3,4.0,3.0,7.0,0,0,0,1
564,SUV: Standard,3.0,6,AS,Z,12.3,4.0,3.0,7.0,0,0,0,1
565,SUV: Standard,5.0,8,AS,Z,14.3,3.0,3.0,7.0,0,0,0,1
566,SUV: Standard,2.0,4,AS,Z,13.0,3.0,3.0,7.0,0,0,0,1
567,SUV: Standard,3.0,6,AS,Z,12.3,4.0,3.0,7.0,0,0,0,1
568,SUV: Standard,5.0,8,AS,Z,14.7,3.0,3.0,7.0,0,0,0,1
569,SUV: Standard,2.0,4,AS,Z,11.5,4.0,3.0,7.0,0,0,0,1
570,SUV: Standard,3.0,6,AS,Z,11.4,4.0,3.0,7.0,0,0,0,1
571,SUV: Standard,3.0,6,AS,Z,11.9,4.0,3.0,7.0,0,0,0,1
572,SUV: Standard,3.0,6,AS,Z,11.9,4.0,3.0,7.0,0,0,0,1
573,SUV: Standard,5.0,8,AS,Z,13.0,3.0,3.0,7.0,0,0,0,1
574,SUV: Standard,5.0,8,AS,Z,13.0,3.0,3.0,7.0,0,0,0,1
575,SUV: Standard,5.0,8,AS,Z,15.1,3.0,3.0,7.0,0,0,0,1
576,SUV: Standard,5.0,8,AS,Z,15.5,2.0,3.0,7.0,0,0,0,1
577,SUV: Standard,3.0,6,AS,Z,11.4,4.0,3.0,7.0,0,0,0,1
578,SUV: Standard,3.0,6,AS,Z,11.4,4.0,3.0,7.0,0,0,0,1
579,SUV: Standard,5.0,8,AS,Z,12.6,4.0,3.0,7.0,0,0,0,1
580,SUV: Standard,5.0,8,AS,Z,14.3,3.0,3.0,7.0,0,0,0,1
581,Mid-size,2.5,4,AS,X,8.4,6.0,3.0,4.0,0,0,1,0
582,Mid-size,2.5,4,AV,X,5.3,9.0,0.0,4.0,0,0,1,0
583,Mid-size,3.5,6,AS,X,9.2,5.0,3.0,4.0,0,0,1,0
584,Mid-size,3.5,6,AS,X,9.4,5.0,3.0,4.0,0,0,1,0
585,SUV: Standard,4.6,8,AS,Z,14.5,3.0,3.0,7.0,0,0,0,1
586,Compact,2.0,4,AS,Z,9.5,5.0,3.0,2.0,0,0,0,1
587,Compact,3.5,6,AS,Z,10.8,5.0,3.0,2.0,0,0,0,1
588,Compact,3.5,6,AS,Z,10.8,5.0,3.0,2.0,0,0,0,1
589,Compact,5.0,8,AS,Z,11.9,4.0,3.0,2.0,0,0,0,1
590,Subcompact,5.0,8,AS,Z,12.6,4.0,3.0,3.0,0,0,0,1
591,Minicompact,5.0,8,AS,Z,13.0,3.0,3.0,1.0,0,0,0,1
592,Subcompact,3.5,6,AV,Z,8.1,6.0,0.0,3.0,0,0,0,1
593,Mid-size,3.4,6,AS,Z,11.2,4.0,3.0,4.0,0,0,0,1
594,Mid-size,3.5,6,AV,Z,9.2,5.0,0.0,4.0,0,0,0,1
595,SUV: Standard,3.4,6,AS,Z,12.7,4.0,3.0,7.0,0,0,0,1
596,SUV: Small,2.5,4,AS,X,8.4,6.0,3.0,6.0,0,0,1,0
597,SUV: Small,2.4,4,AS,Z,9.5,5.0,3.0,6.0,0,0,0,1
598,SUV: Small,2.4,4,AS,Z,9.5,5.0,3.0,6.0,0,0,0,1
599,SUV: Small,2.5,4,AV,Z,6.0,8.0,0.0,6.0,0,0,0,1
600,Subcompact,3.5,6,AS,Z,10.8,5.0,3.0,3.0,0,0,0,1
601,Subcompact,3.5,6,AS,Z,10.8,5.0,3.0,3.0,0,0,0,1
602,Subcompact,5.0,8,AS,Z,12.2,4.0,3.0,3.0,0,0,0,1
603,SUV: Small,3.5,6,AS,X,10.8,5.0,3.0,6.0,0,0,1,0
604,SUV: Small,3.5,6,AS,X,11.1,4.0,3.0,6.0,0,0,1,0
605,SUV: Standard,3.5,6,AV,Z,7.9,6.0,0.0,7.0,0,0,0,1
606,SUV: Standard,3.5,6,AV,Z,8.1,6.0,0.0,7.0,0,0,0,1
607,Mid-size,2.0,4,AS,X,7.2,7.0,3.0,4.0,0,0,1,0
608,Compact,2.0,4,AV,X,6.0,8.0,0.0,2.0,0,0,1,0
609,SUV: Standard,3.0,6,AS,X,11.9,4.0,3.0,7.0,0,0,1,0
610,SUV: Small,2.0,4,AS,X,9.8,5.0,3.0,6.0,0,0,1,0
611,SUV: Small,2.3,4,AS,X,9.9,5.0,3.0,6.0,0,0,1,0
612,SUV: Small,2.0,4,A,X,10.7,5.0,4.0,6.0,0,0,1,0
613,SUV: Small,2.0,4,AS,X,10.7,5.0,3.0,6.0,0,0,1,0
614,SUV: Small,2.7,6,AS,X,11.2,4.0,3.0,6.0,0,0,1,0
615,SUV: Standard,3.5,6,AS,X,13.2,3.0,3.0,7.0,0,0,1,0
616,Mid-size,3.0,6,A,Z,11.6,4.0,4.0,4.0,0,0,0,1
617,Mid-size,3.0,6,A,Z,11.6,5.0,4.0,4.0,0,0,0,1
618,Mid-size,3.0,6,A,Z,12.6,4.0,4.0,4.0,0,0,0,1
619,Mid-size,3.8,8,A,Z,14.9,3.0,4.0,4.0,0,0,0,1
620,SUV: Standard,3.0,6,A,Z,13.2,3.0,4.0,7.0,0,0,0,1
621,SUV: Standard,3.0,6,A,Z,13.2,3.0,4.0,7.0,0,0,0,1
622,SUV: Standard,3.8,8,A,Z,15.0,3.0,4.0,7.0,0,0,0,1
623,SUV: Standard,3.8,8,A,Z,15.0,3.0,4.0,7.0,0,0,0,1
624,Two-seater,3.0,6,AS,Z,12.8,4.0,3.0,0.0,0,0,0,1
625,Full-size,3.0,6,A,Z,12.1,4.0,4.0,5.0,0,0,0,1
626,Full-size,3.0,6,A,Z,12.1,4.0,4.0,5.0,0,0,0,1
627,Full-size,3.0,6,A,Z,12.6,4.0,4.0,5.0,0,0,0,1
628,Full-size,3.8,8,A,Z,14.9,3.0,4.0,5.0,0,0,0,1
629,Compact,2.0,4,AS,X,7.7,7.0,3.0,2.0,0,0,1,0
630,Compact,2.0,4,M,X,8.0,6.0,2.0,2.0,0,0,1,0
631,Compact,2.0,4,AS,X,8.1,6.0,3.0,2.0,0,0,1,0
632,SUV: Small,2.0,4,AS,X,8.6,6.0,3.0,6.0,0,0,1,0
633,SUV: Small,2.5,4,AS,X,8.9,6.0,3.0,6.0,0,0,1,0
634,SUV: Small,2.5,4,AS,X,9.3,5.0,3.0,6.0,0,0,1,0
635,SUV: Small,2.5,4,AS,X,9.3,5.0,3.0,6.0,0,0,1,0
636,SUV: Small,2.5,4,AS,X,9.0,5.0,3.0,6.0,0,0,1,0
637,SUV: Small,2.5,4,AS,X,9.8,5.0,3.0,6.0,0,0,1,0
638,SUV: Small,2.5,4,AS,X,10.4,5.0,3.0,6.0,0,0,1,0
639,Compact,2.0,4,AS,X,7.6,7.0,3.0,2.0,0,0,1,0
640,Compact,2.0,4,M,X,7.7,7.0,2.0,2.0,0,0,1,0
641,Compact,2.5,4,AS,X,7.8,6.0,3.0,2.0,0,0,1,0
642,Compact,2.5,4,AS,X,8.5,6.0,3.0,2.0,0,0,1,0
643,Compact,2.5,4,AS,X,8.8,6.0,3.0,2.0,0,0,1,0
644,Mid-size,2.0,4,AS,X,7.7,7.0,3.0,4.0,0,0,1,0
645,Mid-size,2.0,4,M,X,7.8,6.0,2.0,4.0,0,0,1,0
646,Mid-size,2.5,4,AS,X,8.1,6.0,3.0,4.0,0,0,1,0
647,Mid-size,2.5,4,M,X,8.4,6.0,2.0,4.0,0,0,1,0
648,Mid-size,2.5,4,AS,X,8.6,6.0,3.0,4.0,0,0,1,0
649,Mid-size,2.5,4,AS,X,8.9,5.0,3.0,4.0,0,0,1,0
650,Two-seater,2.0,4,AS,Z,7.9,6.0,3.0,0.0,0,0,0,1
651,Two-seater,2.0,4,M,Z,8.1,6.0,2.0,0.0,0,0,0,1
652,Subcompact,2.0,4,AM,Z,8.3,6.0,1.0,3.0,0,0,0,1
653,Station wagon: Small,2.0,4,AM,Z,8.7,6.0,1.0,9.0,0,0,0,1
654,Subcompact,2.0,4,AM,Z,9.5,5.0,1.0,3.0,0,0,0,1
655,Station wagon: Small,2.0,4,AM,Z,9.4,5.0,1.0,9.0,0,0,0,1
656,Subcompact,3.0,6,A,Z,10.9,5.0,4.0,3.0,0,0,0,1
657,Subcompact,3.0,6,A,Z,10.8,5.0,4.0,3.0,0,0,0,1
658,Compact,2.0,4,AM,Z,9.7,5.0,1.0,2.0,0,0,0,1
659,Compact,2.0,4,AM,Z,10.4,5.0,1.0,2.0,0,0,0,1
660,Compact,3.0,6,A,Z,10.3,5.0,4.0,2.0,0,0,0,1
661,Mid-size,3.0,6,A,Z,9.9,5.0,4.0,4.0,0,0,0,1
662,Subcompact,3.0,6,A,Z,10.6,5.0,4.0,3.0,0,0,0,1
663,Subcompact,3.0,6,A,Z,10.2,5.0,4.0,3.0,0,0,0,1
664,Station wagon: Small,2.0,4,AM,Z,9.8,5.0,1.0,9.0,0,0,0,1
665,Station wagon: Small,2.0,4,AM,Z,11.1,4.0,1.0,9.0,0,0,0,1
666,Station wagon: Mid-size,2.0,4,AM,Z,11.2,4.0,1.0,10.0,0,0,0,1
667,SUV: Small,3.0,6,A,Z,11.3,4.0,4.0,6.0,0,0,0,1
668,SUV: Small,3.0,6,A,Z,12.3,4.0,4.0,6.0,0,0,0,1
669,SUV: Standard,3.0,6,A,Z,12.1,4.0,4.0,7.0,0,0,0,1
670,SUV: Standard,3.0,6,A,Z,12.5,4.0,4.0,7.0,0,0,0,1
671,Compact,3.0,6,A,Z,11.0,4.0,4.0,2.0,0,0,0,1
672,Subcompact,2.0,4,A,Z,9.6,5.0,4.0,3.0,0,0,0,1
673,Subcompact,2.0,4,A,Z,9.3,5.0,4.0,3.0,0,0,0,1
674,Compact,2.0,4,AM,Z,8.6,6.0,1.0,2.0,0,0,0,1
675,Compact,3.0,6,A,Z,9.8,5.0,4.0,2.0,0,0,0,1
676,Mid-size,2.0,4,A,Z,9.8,5.0,4.0,4.0,0,0,0,1
677,Mid-size,3.0,6,A,Z,9.3,5.0,4.0,4.0,0,0,0,1
678,Subcompact,3.0,6,A,Z,9.9,5.0,4.0,3.0,0,0,0,1
679,Subcompact,3.0,6,A,Z,9.6,5.0,4.0,3.0,0,0,0,1
680,Station wagon: Mid-size,3.0,6,A,Z,9.8,5.0,4.0,10.0,0,0,0,1
681,SUV: Small,2.0,4,AM,Z,9.0,5.0,1.0,6.0,0,0,0,1
682,SUV: Small,2.0,4,AM,Z,9.5,5.0,1.0,6.0,0,0,0,1
683,SUV: Small,2.0,4,A,Z,10.4,5.0,4.0,6.0,0,0,0,1
684,SUV: Small,2.0,4,A,Z,10.1,5.0,4.0,6.0,0,0,0,1
685,SUV: Standard,2.0,4,A,Z,10.7,5.0,4.0,7.0,0,0,0,1
686,SUV: Standard,3.0,6,A,Z,10.4,5.0,4.0,7.0,0,0,0,1
687,SUV: Standard,3.0,6,A,Z,10.5,5.0,4.0,7.0,0,0,0,1
688,SUV: Standard,3.0,6,A,Z,11.5,4.0,4.0,7.0,0,0,0,1
689,Full-size,4.0,8,A,Z,12.9,3.0,4.0,5.0,0,0,0,1
690,Special purpose vehicle,2.0,4,A,Z,11.5,4.0,4.0,12.0,0,0,0,1
691,Special purpose vehicle,2.0,4,A,Z,11.5,4.0,4.0,12.0,0,0,0,1
692,Special purpose vehicle,2.0,4,A,Z,12.1,4.0,4.0,12.0,0,0,0,1
693,Full-size,3.0,6,A,Z,9.9,5.0,4.0,5.0,0,0,0,1
694,Full-size,4.0,8,A,Z,12.2,4.0,4.0,5.0,0,0,0,1
695,Subcompact,1.5,3,AM,Z,7.3,7.0,1.0,3.0,0,0,0,1
696,Subcompact,1.5,3,M,Z,7.6,7.0,2.0,3.0,0,0,0,1
697,Subcompact,1.5,3,AM,Z,7.3,7.0,1.0,3.0,0,0,0,1
698,Subcompact,1.5,3,M,Z,7.6,7.0,2.0,3.0,0,0,0,1
699,Minicompact,1.5,3,AM,Z,7.3,7.0,1.0,1.0,0,0,0,1
700,Minicompact,1.5,3,M,Z,7.6,7.0,2.0,1.0,0,0,0,1
701,Mid-size,1.5,3,AS,Z,9.1,5.0,3.0,4.0,0,0,0,1
702,Subcompact,2.0,4,AM,Z,7.5,7.0,1.0,3.0,0,0,0,1
703,Subcompact,2.0,4,M,Z,9.1,5.0,2.0,3.0,0,0,0,1
704,Subcompact,2.0,4,AM,Z,7.5,7.0,1.0,3.0,0,0,0,1
705,Subcompact,2.0,4,M,Z,9.1,5.0,2.0,3.0,0,0,0,1
706,Mid-size,2.0,4,AS,Z,8.9,6.0,3.0,4.0,0,0,0,1
707,Minicompact,2.0,4,AM,Z,7.8,6.0,1.0,1.0,0,0,0,1
708,Minicompact,2.0,4,M,Z,8.8,6.0,2.0,1.0,0,0,0,1
709,Mid-size,2.0,4,AS,Z,9.1,5.0,3.0,4.0,0,0,0,1
710,Subcompact,2.0,4,AS,Z,8.2,6.0,3.0,3.0,0,0,0,1
711,Subcompact,2.0,4,M,Z,9.1,5.0,2.0,3.0,0,0,0,1
712,Mid-size,2.0,4,AS,Z,9.0,5.0,3.0,4.0,0,0,0,1
713,Minicompact,2.0,4,AS,Z,8.5,6.0,3.0,1.0,0,0,0,1
714,Mid-size,2.0,4,AS,Z,9.2,5.0,3.0,4.0,0,0,0,1
715,SUV: Small,1.5,4,AV,X,9.3,5.0,0.0,6.0,0,0,1,0
716,Compact,1.2,3,AV,X,6.2,8.0,0.0,2.0,0,0,1,0
717,Compact,1.2,3,M,X,6.5,8.0,2.0,2.0,0,0,1,0
718,SUV: Small,2.5,4,AV,X,8.9,6.0,0.0,6.0,0,0,1,0
719,SUV: Small,2.0,4,AV,X,8.8,6.0,0.0,6.0,0,0,1,0
720,SUV: Small,2.0,4,AV,X,9.2,5.0,0.0,6.0,0,0,1,0
721,SUV: Small,2.4,4,AV,X,9.4,5.0,0.0,6.0,0,0,1,0
722,Mid-size,2.5,4,AV,X,7.9,6.0,0.0,4.0,0,0,1,0
723,Mid-size,2.5,4,AV,X,8.1,6.0,0.0,4.0,0,0,1,0
724,SUV: Standard,5.6,8,AS,Z,15.4,2.0,3.0,7.0,0,0,0,1
725,Pickup truck: Standard,3.8,6,AS,X,11.3,4.0,3.0,13.0,0,0,1,0
726,Pickup truck: Standard,3.8,6,AS,X,12.3,4.0,3.0,13.0,0,0,1,0
727,Mid-size,1.6,4,AV,X,7.2,7.0,0.0,4.0,0,0,1,0
728,Mid-size,3.5,6,AV,Z,9.9,5.0,0.0,4.0,0,0,0,1
729,Station wagon: Mid-size,3.5,6,AV,X,10.4,5.0,0.0,10.0,0,0,1,0
730,SUV: Small,3.5,6,AS,X,10.5,5.0,3.0,6.0,0,0,1,0
731,Station wagon: Small,2.0,4,AV,X,8.0,6.0,0.0,9.0,0,0,1,0
732,Station wagon: Small,2.0,4,M,X,9.1,5.0,2.0,9.0,0,0,1,0
733,Station wagon: Small,2.0,4,AV,X,8.3,6.0,0.0,9.0,0,0,1,0
734,SUV: Small,1.5,3,AV,X,7.2,7.0,0.0,6.0,0,0,1,0
735,SUV: Small,2.5,4,AV,X,8.1,6.0,0.0,6.0,0,0,1,0
736,SUV: Small,1.5,3,AV,X,7.6,7.0,0.0,6.0,0,0,1,0
737,SUV: Small,1.5,3,AV,X,7.7,6.0,0.0,6.0,0,0,1,0
738,SUV: Small,2.5,4,AV,X,8.3,6.0,0.0,6.0,0,0,1,0
739,Mid-size,2.0,4,AV,X,7.1,7.0,0.0,4.0,0,0,1,0
740,Mid-size,2.0,4,AV,X,7.3,7.0,0.0,4.0,0,0,1,0
741,Mid-size,2.0,4,M,X,7.9,6.0,2.0,4.0,0,0,1,0
742,Mid-size,2.0,4,M,X,8.1,6.0,2.0,4.0,0,0,1,0
743,Compact,1.6,4,AV,X,6.7,7.0,0.0,2.0,0,0,1,0
744,Compact,1.6,4,M,X,7.7,7.0,2.0,2.0,0,0,1,0
745,Two-seater,2.0,4,AM,Z,10.0,5.0,1.0,0.0,0,0,0,1
746,Two-seater,2.0,4,M,Z,10.5,5.0,2.0,0.0,0,0,0,1
747,Two-seater,2.0,4,AM,Z,10.1,5.0,1.0,0.0,0,0,0,1
748,Two-seater,2.0,4,M,Z,10.5,5.0,2.0,0.0,0,0,0,1
749,Two-seater,2.5,4,AM,Z,10.9,5.0,1.0,0.0,0,0,0,1
750,Two-seater,2.5,4,M,Z,11.2,4.0,2.0,0.0,0,0,0,1
751,Two-seater,4.0,6,AM,Z,11.1,4.0,1.0,0.0,0,0,0,1
752,Two-seater,4.0,6,M,Z,12.2,4.0,2.0,0.0,0,0,0,1
753,Two-seater,2.0,4,AM,Z,10.0,5.0,1.0,0.0,0,0,0,1
754,Two-seater,2.0,4,M,Z,10.5,5.0,2.0,0.0,0,0,0,1
755,Two-seater,2.0,4,AM,Z,10.1,5.0,1.0,0.0,0,0,0,1
756,Two-seater,2.0,4,M,Z,10.5,5.0,2.0,0.0,0,0,0,1
757,Two-seater,2.5,4,AM,Z,10.9,5.0,1.0,0.0,0,0,0,1
758,Two-seater,2.5,4,M,Z,11.2,4.0,2.0,0.0,0,0,0,1
759,Two-seater,4.0,6,AM,Z,11.6,4.0,1.0,0.0,0,0,0,1
760,Two-seater,4.0,6,M,Z,12.2,4.0,2.0,0.0,0,0,0,1
761,Two-seater,4.0,6,AM,Z,11.1,4.0,1.0,0.0,0,0,0,1
762,Two-seater,4.0,6,M,Z,12.2,4.0,2.0,0.0,0,0,0,1
763,Two-seater,4.0,6,AM,Z,11.6,4.0,1.0,0.0,0,0,0,1
764,Two-seater,4.0,6,M,Z,12.2,4.0,2.0,0.0,0,0,0,1
765,Minicompact,3.0,6,AM,Z,11.6,4.0,1.0,1.0,0,0,0,1
766,Minicompact,3.0,6,AM,Z,11.6,4.0,1.0,1.0,0,0,0,1
767,Minicompact,3.0,6,AM,Z,11.6,4.0,1.0,1.0,0,0,0,1
768,Minicompact,3.0,6,AM,Z,11.6,4.0,1.0,1.0,0,0,0,1
769,Minicompact,3.0,6,AM,Z,11.7,4.0,1.0,1.0,0,0,0,1
770,Minicompact,3.0,6,M,Z,11.3,4.0,2.0,1.0,0,0,0,1
771,Minicompact,3.0,6,AM,Z,11.7,4.0,1.0,1.0,0,0,0,1
772,Minicompact,3.0,6,M,Z,11.8,4.0,2.0,1.0,0,0,0,1
773,Minicompact,3.0,6,AM,Z,11.8,4.0,1.0,1.0,0,0,0,1
774,Minicompact,3.0,6,M,Z,11.8,4.0,2.0,1.0,0,0,0,1
775,Minicompact,3.0,6,AM,Z,11.7,4.0,1.0,1.0,0,0,0,1
776,Minicompact,3.0,6,M,Z,12.0,4.0,2.0,1.0,0,0,0,1
777,Minicompact,3.0,6,AM,Z,12.1,4.0,1.0,1.0,0,0,0,1
778,Minicompact,3.0,6,M,Z,11.9,4.0,2.0,1.0,0,0,0,1
779,Minicompact,3.0,6,AM,Z,12.2,4.0,1.0,1.0,0,0,0,1
780,Minicompact,3.0,6,M,Z,11.9,4.0,2.0,1.0,0,0,0,1
781,Minicompact,3.0,6,AM,Z,12.1,4.0,1.0,1.0,0,0,0,1
782,Minicompact,3.0,6,M,Z,12.2,4.0,2.0,1.0,0,0,0,1
783,Minicompact,3.0,6,AM,Z,12.3,4.0,1.0,1.0,0,0,0,1
784,Minicompact,3.0,6,M,Z,12.7,4.0,2.0,1.0,0,0,0,1
785,Minicompact,4.0,6,AM,Z,14.3,3.0,1.0,1.0,0,0,0,1
786,Minicompact,4.0,6,M,Z,15.2,3.0,2.0,1.0,0,0,0,1
787,Minicompact,4.0,6,AM,Z,14.4,3.0,1.0,1.0,0,0,0,1
788,Minicompact,4.0,6,M,Z,15.2,3.0,2.0,1.0,0,0,0,1
789,Minicompact,3.0,6,AM,Z,11.6,4.0,1.0,1.0,0,0,0,1
790,Minicompact,3.0,6,AM,Z,11.8,4.0,1.0,1.0,0,0,0,1
791,Minicompact,3.0,6,M,Z,11.9,4.0,2.0,1.0,0,0,0,1
792,Minicompact,3.0,6,AM,Z,12.3,4.0,1.0,1.0,0,0,0,1
793,Minicompact,3.0,6,M,Z,12.7,4.0,2.0,1.0,0,0,0,1
794,Minicompact,3.7,6,AM,Z,13.7,3.0,1.0,1.0,0,0,0,1
795,Minicompact,3.7,6,AM,Z,13.9,3.0,1.0,1.0,0,0,0,1
796,Minicompact,3.7,6,AM,Z,13.7,3.0,1.0,1.0,0,0,0,1
797,Minicompact,3.7,6,AM,Z,14.1,3.0,1.0,1.0,0,0,0,1
798,SUV: Standard,3.0,6,AS,Z,12.4,4.0,3.0,7.0,0,0,0,1
799,SUV: Standard,3.0,6,AS,Z,12.4,4.0,3.0,7.0,0,0,0,1
800,SUV: Standard,2.9,6,AS,Z,12.9,4.0,3.0,7.0,0,0,0,1
801,SUV: Standard,2.9,6,AS,Z,13.0,3.0,3.0,7.0,0,0,0,1
802,SUV: Standard,4.0,8,AS,Z,14.2,3.0,3.0,7.0,0,0,0,1
803,SUV: Standard,4.0,8,AS,Z,14.0,3.0,3.0,7.0,0,0,0,1
804,SUV: Standard,4.0,8,AS,Z,14.8,3.0,3.0,7.0,0,0,0,1
805,SUV: Standard,4.0,8,AS,Z,14.1,3.0,3.0,7.0,0,0,0,1
806,SUV: Standard,4.0,8,AS,Z,14.8,3.0,3.0,7.0,0,0,0,1
807,SUV: Small,2.0,4,AM,Z,11.0,4.0,1.0,6.0,0,0,0,1
808,SUV: Small,2.9,6,AM,Z,12.2,4.0,1.0,6.0,0,0,0,1
809,SUV: Small,2.9,6,AM,Z,12.2,4.0,1.0,6.0,0,0,0,1
810,Full-size,2.9,6,AM,Z,11.6,4.0,1.0,5.0,0,0,0,1
811,Full-size,2.9,6,AM,Z,11.5,4.0,1.0,5.0,0,0,0,1
812,Full-size,2.9,6,AM,Z,12.2,4.0,1.0,5.0,0,0,0,1
813,Full-size,2.9,6,AM,Z,11.7,4.0,1.0,5.0,0,0,0,1
814,Full-size,2.9,6,AM,Z,11.4,4.0,1.0,5.0,0,0,0,1
815,Full-size,2.9,6,AM,Z,12.2,4.0,1.0,5.0,0,0,0,1
816,Full-size,2.9,6,AM,Z,12.2,4.0,1.0,5.0,0,0,0,1
817,Full-size,4.0,8,AM,Z,13.7,3.0,1.0,5.0,0,0,0,1
818,Full-size,4.0,8,AM,Z,13.9,3.0,1.0,5.0,0,0,0,1
819,Full-size,4.0,8,AM,Z,13.5,3.0,1.0,5.0,0,0,0,1
820,Full-size,4.0,8,AM,Z,13.5,3.0,1.0,5.0,0,0,0,1
821,Full-size,4.0,8,AM,Z,13.5,3.0,1.0,5.0,0,0,0,1
822,Pickup truck: Standard,3.0,6,A,D,9.0,5.0,4.0,13.0,1,0,0,0
823,Pickup truck: Standard,3.0,6,A,D,8.9,5.0,4.0,13.0,1,0,0,0
824,Pickup truck: Standard,3.6,6,A,X,10.8,5.0,4.0,13.0,0,0,1,0
825,Pickup truck: Standard,3.6,6,A,X,10.4,5.0,4.0,13.0,0,0,1,0
826,Pickup truck: Standard,5.7,8,A,X,13.6,3.0,4.0,13.0,0,0,1,0
827,Pickup truck: Standard,5.7,8,A,X,11.7,4.0,4.0,13.0,0,0,1,0
828,Pickup truck: Standard,3.0,6,A,D,9.7,4.0,4.0,13.0,1,0,0,0
829,Pickup truck: Standard,3.6,6,A,X,11.1,4.0,4.0,13.0,0,0,1,0
830,Pickup truck: Standard,5.7,8,A,X,13.8,3.0,4.0,13.0,0,0,1,0
831,Pickup truck: Standard,5.7,8,A,X,12.1,4.0,4.0,13.0,0,0,1,0
832,Pickup truck: Standard,6.2,8,A,Z,19.8,1.0,4.0,13.0,0,0,0,1
833,Pickup truck: Standard,3.6,6,A,X,11.9,4.0,4.0,13.0,0,0,1,0
834,Pickup truck: Standard,5.7,8,A,X,13.7,3.0,4.0,13.0,0,0,1,0
835,Pickup truck: Standard,3.6,6,A,X,12.6,4.0,4.0,13.0,0,0,1,0
836,Pickup truck: Standard,5.7,8,A,X,14.1,3.0,4.0,13.0,0,0,1,0
837,Special purpose vehicle,2.4,4,A,X,9.9,5.0,4.0,12.0,0,0,1,0
838,Station wagon: Mid-size,6.7,12,AS,Z,16.5,2.0,3.0,10.0,0,0,0,1
839,Station wagon: Mid-size,6.7,12,AS,Z,16.5,2.0,3.0,10.0,0,0,0,1
840,Full-size,6.7,12,AS,Z,16.7,2.0,3.0,5.0,0,0,0,1
841,Full-size,6.7,12,AS,Z,16.7,2.0,3.0,5.0,0,0,0,1
842,Full-size,6.7,12,AS,Z,16.7,2.0,3.0,5.0,0,0,0,1
843,Full-size,6.7,12,AS,Z,16.3,2.0,3.0,5.0,0,0,0,1
844,Full-size,6.7,12,AS,Z,16.3,2.0,3.0,5.0,0,0,0,1
845,SUV: Standard,2.4,4,AV,X,10.5,5.0,0.0,7.0,0,0,1,0
846,Minicompact,2.4,4,AS,Z,9.5,5.0,3.0,1.0,0,0,0,1
847,Minicompact,2.4,4,M,Z,10.5,5.0,2.0,1.0,0,0,0,1
848,SUV: Small,2.0,4,AV,X,7.9,6.0,0.0,6.0,0,0,1,0
849,SUV: Small,2.0,4,M,X,9.4,5.0,2.0,6.0,0,0,1,0
850,SUV: Small,2.5,4,AV,X,8.0,6.0,0.0,6.0,0,0,1,0
851,SUV: Small,2.5,4,AV,X,8.2,6.0,0.0,6.0,0,0,1,0
852,SUV: Small,2.5,4,AV,X,9.0,5.0,0.0,6.0,0,0,1,0
853,Mid-size,2.0,4,AV,X,7.4,7.0,0.0,4.0,0,0,1,0
854,Mid-size,2.0,4,M,X,9.0,5.0,2.0,4.0,0,0,1,0
855,Station wagon: Small,2.0,4,AV,X,7.6,7.0,0.0,9.0,0,0,1,0
856,Station wagon: Small,2.0,4,M,X,9.0,5.0,2.0,9.0,0,0,1,0
857,Full-size,2.4,4,AV,X,8.7,6.0,0.0,5.0,0,0,1,0
858,Full-size,2.5,4,AV,X,7.8,6.0,0.0,5.0,0,0,1,0
859,SUV: Small,2.4,4,AV,X,9.1,5.0,0.0,6.0,0,0,1,0
860,SUV: Small,2.5,4,AV,X,8.2,6.0,0.0,6.0,0,0,1,0
861,SUV: Small,2.4,4,AV,X,10.0,5.0,0.0,6.0,0,0,1,0
862,Mid-size,2.4,4,AV,Z,11.2,4.0,0.0,4.0,0,0,0,1
863,Mid-size,2.4,4,M,Z,10.8,5.0,2.0,4.0,0,0,0,1
864,SUV: Standard,4.0,6,AS,X,13.8,3.0,3.0,7.0,0,0,1,0
865,SUV: Standard,4.0,6,AS,X,13.8,3.0,3.0,7.0,0,0,1,0
866,Compact,2.0,4,AS,X,8.2,6.0,3.0,2.0,0,0,1,0
867,Mid-size,2.5,4,AS,X,7.4,7.0,3.0,4.0,0,0,1,0
868,Mid-size,2.5,4,AS,X,7.6,7.0,3.0,4.0,0,0,1,0
869,Mid-size,3.5,6,AS,X,9.2,5.0,3.0,4.0,0,0,1,0
870,Mid-size,3.5,6,AS,X,9.4,5.0,3.0,4.0,0,0,1,0
871,Mid-size,2.5,4,AS,X,8.2,6.0,3.0,4.0,0,0,1,0
872,Mid-size,2.5,4,AS,X,8.4,6.0,3.0,4.0,0,0,1,0
873,Mid-size,2.5,4,AV,X,4.9,9.0,0.0,4.0,0,0,1,0
874,Mid-size,2.5,4,AV,X,5.1,9.0,0.0,4.0,0,0,1,0
875,Compact,1.8,4,AV,X,7.1,7.0,0.0,2.0,0,0,1,0
876,Compact,1.8,4,AV,X,7.3,7.0,0.0,2.0,0,0,1,0
877,Compact,1.8,4,M,X,7.1,7.0,2.0,2.0,0,0,1,0
878,Compact,2.0,4,AV,X,6.8,7.0,0.0,2.0,0,0,1,0
879,Compact,2.0,4,AV,X,7.0,7.0,0.0,2.0,0,0,1,0
880,Compact,2.0,4,M,X,7.4,7.0,2.0,2.0,0,0,1,0
881,Compact,2.0,4,AV,X,7.0,7.0,0.0,2.0,0,0,1,0
882,Compact,2.0,4,AV,X,6.8,7.0,0.0,2.0,0,0,1,0
883,Compact,2.0,4,M,X,7.6,7.0,2.0,2.0,0,0,1,0
884,Compact,1.8,4,AV,X,4.5,9.0,0.0,2.0,0,0,1,0
885,SUV: Small,2.0,4,AV,X,7.3,7.0,0.0,6.0,0,0,1,0
886,SUV: Small,2.0,4,AV,X,7.8,6.0,0.0,6.0,0,0,1,0
887,Minicompact,2.4,4,AS,Z,9.6,5.0,3.0,1.0,0,0,0,1
888,Minicompact,2.4,4,M,Z,10.5,5.0,2.0,1.0,0,0,0,1
889,Two-seater,2.0,4,AS,Z,8.4,6.0,3.0,0.0,0,0,0,1
890,Two-seater,3.0,6,AS,Z,9.4,5.0,3.0,0.0,0,0,0,1
891,SUV: Small,3.5,6,AS,X,10.3,5.0,3.0,6.0,0,0,1,0
892,SUV: Standard,2.5,4,AV,X,6.7,7.0,0.0,7.0,0,0,1,0
893,SUV: Standard,2.5,4,AV,X,6.7,7.0,0.0,7.0,0,0,1,0
894,Mid-size,1.8,4,AV,X,4.5,9.0,0.0,4.0,0,0,1,0
895,Mid-size,1.8,4,AV,X,4.8,9.0,0.0,4.0,0,0,1,0
896,SUV: Small,2.5,4,AS,X,7.9,6.0,3.0,6.0,0,0,1,0
897,SUV: Small,2.5,4,AS,X,7.7,7.0,3.0,6.0,0,0,1,0
898,SUV: Small,2.5,4,AS,X,8.4,6.0,3.0,6.0,0,0,1,0
899,SUV: Small,2.5,4,AS,X,8.0,6.0,3.0,6.0,0,0,1,0
900,SUV: Small,2.5,4,AS,X,7.9,6.0,3.0,6.0,0,0,1,0
901,SUV: Small,2.5,4,AS,X,8.5,6.0,3.0,6.0,0,0,1,0
902,SUV: Small,2.5,4,AV,X,6.0,8.0,0.0,6.0,0,0,1,0
903,SUV: Standard,5.7,8,AS,X,16.4,2.0,3.0,7.0,0,0,1,0
904,Minivan,2.5,4,AV,X,6.6,7.0,0.0,8.0,0,0,1,0
905,Minivan,2.5,4,AV,X,6.7,7.0,0.0,8.0,0,0,1,0
906,Pickup truck: Small,3.5,6,AS,X,11.8,4.0,3.0,11.0,0,0,1,0
907,Pickup truck: Small,3.5,6,M,X,12.7,3.0,2.0,11.0,0,0,1,0
908,Pickup truck: Small,3.5,6,M,X,12.9,3.0,2.0,11.0,0,0,1,0
909,Pickup truck: Standard,3.4,6,AS,X,11.8,4.0,3.0,13.0,0,0,1,0
910,Pickup truck: Standard,3.4,6,AS,X,12.2,4.0,3.0,13.0,0,0,1,0
911,Pickup truck: Standard,3.4,6,AS,X,12.2,4.0,3.0,13.0,0,0,1,0
912,Pickup truck: Standard,3.4,6,AS,X,11.7,4.0,3.0,13.0,0,0,1,0
913,Pickup truck: Standard,3.4,6,AS,X,11.9,4.0,3.0,13.0,0,0,1,0
914,SUV: Small,2.5,4,AV,X,6.1,8.0,0.0,6.0,0,0,1,0
915,SUV: Small,2.0,4,AS,X,10.6,5.0,3.0,6.0,0,0,1,0
916,SUV: Small,3.6,6,AS,X,12.2,4.0,3.0,6.0,0,0,1,0
917,SUV: Small,2.0,4,AS,X,10.7,5.0,3.0,6.0,0,0,1,0
918,SUV: Small,3.6,6,AS,X,11.7,4.0,3.0,6.0,0,0,1,0
919,Mid-size,2.0,4,AM,X,8.3,6.0,1.0,4.0,0,0,1,0
920,Mid-size,2.0,4,M,X,8.5,6.0,2.0,4.0,0,0,1,0
921,Mid-size,2.0,4,AM,Z,9.1,5.0,1.0,4.0,0,0,0,1
922,Mid-size,2.0,4,M,Z,10.2,5.0,2.0,4.0,0,0,0,1
923,Compact,1.5,4,AS,X,6.8,7.0,3.0,2.0,0,0,1,0
924,Compact,1.5,4,AS,X,7.1,7.0,3.0,2.0,0,0,1,0
925,Compact,1.5,4,M,X,6.9,7.0,2.0,2.0,0,0,1,0
926,Compact,2.0,4,AM,X,7.9,6.0,1.0,2.0,0,0,1,0
927,Compact,2.0,4,M,X,7.9,6.0,2.0,2.0,0,0,1,0
928,Mid-size,2.0,4,AS,X,8.3,6.0,3.0,4.0,0,0,1,0
929,SUV: Small,1.5,4,A,X,7.6,7.0,4.0,6.0,0,0,1,0
930,SUV: Small,1.5,4,A,X,8.5,6.0,4.0,6.0,0,0,1,0
931,SUV: Small,2.0,4,AS,X,9.4,5.0,3.0,6.0,0,0,1,0
932,SUV: Small,2.0,4,AS,X,9.8,5.0,3.0,6.0,0,0,1,0
933,Compact,2.0,4,AS,Z,8.0,6.0,3.0,2.0,0,0,0,1
934,Compact,2.0,4,AS,Z,8.3,6.0,3.0,2.0,0,0,0,1
935,Mid-size,2.0,4,AS,Z,9.1,5.0,3.0,4.0,0,0,0,1
936,Station wagon: Small,2.0,4,AS,Z,9.6,5.0,3.0,9.0,0,0,0,1
937,Station wagon: Small,2.0,4,AS,Z,9.5,5.0,3.0,9.0,0,0,0,1
938,Station wagon: Mid-size,2.0,4,AS,Z,9.5,5.0,3.0,10.0,0,0,0,1
939,SUV: Small,2.0,4,AS,X,9.3,5.0,3.0,6.0,0,0,1,0
940,SUV: Small,2.0,4,AS,Z,9.4,5.0,3.0,6.0,0,0,0,1
941,SUV: Small,2.0,4,AS,Z,9.4,5.0,3.0,6.0,0,0,0,1
942,SUV: Small,2.0,4,AS,Z,9.9,5.0,3.0,6.0,0,0,0,1
943,SUV: Standard,2.0,4,AS,Z,10.1,5.0,3.0,7.0,0,0,0,1
944,SUV: Standard,2.0,4,AS,Z,10.8,5.0,3.0,7.0,0,0,0,1
